{
"storedLevels": {
	"shallow_map": {
		"bossHps": [ 200, 50, 50, 50, 10, 10, 10, 10, 10, 10, 10, 200, 10, 10 ]
	},
	"hub_world": {
		"bossHps": []
	}
},
"playerHealth": 5,
"checkpoint": 1,
"respawnLoc": {
	"x": 179.61945,
	"y": 177.21033
}
}