{
"storedLevels": {
	"shallow_map": {
		"bossHps": [ 200, 50, 50, 50, 10, 10, 10, 10, 10, 10, 10, 200, 10, 10 ]
	},
	"hub_world": {
		"bossHps": []
	}
},
"playerHealth": 5,
"checkpoint": 2,
"respawnLoc": {
	"x": 241.31296,
	"y": 239.11852
}
}